사고번호,사고일시,요일,시군구,사고내용,사망자수,중상자수,경상자수,부상신고자수,사고유형,법규위반,노면상태,기상상태,도로형태,가해운전자 차종,가해운전자 성별,가해운전자 연령,가해운전자 상해정도,피해운전자 차종,피해운전자 성별,피해운전자 연령,피해운전자 상해정도
2019092000100692,2019년 9월 20일 22시,금요일,대전광역시 유성구 봉명동,중상사고,0,1,0,0,차대사람 - 기타,안전운전불이행,포장 - 건조,맑음,교차로 - 교차로안,이륜,남,24세,상해없음,보행자,남,63세,중상
2019092000100714,2019년 9월 20일 23시,금요일,대전광역시 중구 중촌동,중상사고,0,1,0,0,차대사람 - 차도통행중,안전운전불이행,포장 - 건조,맑음,단일로 - 기타,승용,남,54세,상해없음,보행자,여,76세,중상
2019092100100066,2019년 9월 21일 01시,토요일,대전광역시 유성구 원내동,경상사고,0,0,1,0,차대사람 - 기타,안전운전불이행,포장 - 건조,맑음,단일로 - 기타,승용,남,51세,기타불명,보행자,남,44세,경상
2019092100100404,2019년 9월 21일 15시,토요일,대전광역시 서구 둔산동,경상사고,0,0,1,0,차대사람 - 기타,안전운전불이행,포장 - 젖음/습기,비,교차로 - 교차로부근,승용,남,65세,상해없음,보행자,남,30세,경상
2019092100100598,2019년 9월 21일 19시,토요일,대전광역시 서구 가수원동,경상사고,0,0,1,0,차대사람 - 횡단중,안전운전불이행,포장 - 젖음/습기,비,교차로 - 교차로안,화물,남,59세,상해없음,보행자,남,45세,경상
2019092100100740,2019년 9월 21일 23시,토요일,대전광역시 서구 갈마동,중상사고,0,1,0,0,차대사람 - 기타,안전운전불이행,포장 - 젖음/습기,맑음,단일로 - 기타,승용,여,47세,상해없음,보행자,남,22세,중상
2019092200100081,2019년 9월 22일 02시,일요일,대전광역시 서구 도안동,경상사고,0,0,1,0,차대사람 - 보도통행중,보행자보호의무위반,포장 - 젖음/습기,비,교차로 - 교차로안,승용,남,39세,상해없음,보행자,남,54세,경상
2019092200100411,2019년 9월 22일 19시,일요일,대전광역시 유성구 장대동,중상사고,0,1,0,0,차대사람 - 횡단중,안전운전불이행,포장 - 젖음/습기,비,교차로 - 교차로안,승용,남,37세,상해없음,보행자,남,63세,중상
2019092300100049,2019년 9월 23일 02시,월요일,대전광역시 서구 둔산동,경상사고,0,0,1,0,차대사람 - 기타,안전운전불이행,포장 - 건조,맑음,단일로 - 기타,승용,남,52세,상해없음,보행자,남,24세,경상
2019092300100162,2019년 9월 23일 08시,월요일,대전광역시 유성구 외삼동,중상사고,0,1,0,0,차대사람 - 길가장자리구역통행중,안전운전불이행,포장 - 건조,맑음,단일로 - 기타,화물,남,66세,상해없음,보행자,여,78세,중상
2019092300100193,2019년 9월 23일 09시,월요일,대전광역시 서구 둔산동,경상사고,0,0,1,0,차대사람 - 기타,안전운전불이행,포장 - 건조,맑음,기타 - 기타,승용,남,24세,상해없음,보행자,남,54세,경상
2019092300100227,2019년 9월 23일 10시,월요일,대전광역시 동구 삼성동,중상사고,0,1,0,0,차대사람 - 횡단중,신호위반,포장 - 건조,맑음,교차로 - 교차로안,승용,여,44세,상해없음,보행자,남,80세,중상
2019092300100476,2019년 9월 23일 17시,월요일,대전광역시 동구 중동,경상사고,0,0,1,0,차대사람 - 횡단중,보행자보호의무위반,포장 - 건조,맑음,교차로 - 교차로안,승용,남,67세,기타불명,보행자,남,51세,경상
2019092400100028,2019년 9월 24일 00시,화요일,대전광역시 유성구 봉산동,경상사고,0,0,1,0,차대사람 - 기타,중앙선침범,포장 - 건조,맑음,단일로 - 기타,승용,남,29세,상해없음,보행자,남,47세,경상
2019092400100452,2019년 9월 24일 15시,화요일,대전광역시 중구 은행동,경상사고,0,0,1,0,차대사람 - 횡단중,신호위반,포장 - 건조,맑음,단일로 - 기타,화물,남,56세,상해없음,보행자,남,25세,경상
2019092400100725,2019년 9월 24일 21시,화요일,대전광역시 유성구 구암동,사망사고,1,0,0,0,차대사람 - 횡단중,신호위반,포장 - 건조,맑음,교차로 - 교차로안,화물,남,55세,상해없음,보행자,여,63세,사망
2019092500100073,2019년 9월 25일 04시,수요일,대전광역시 동구 용전동,경상사고,0,0,1,0,차대사람 - 기타,안전운전불이행,포장 - 건조,맑음,단일로 - 기타,승용,남,71세,상해없음,보행자,여,20세,경상
2019092500100559,2019년 9월 25일 18시,수요일,대전광역시 중구 유천동,경상사고,0,0,1,0,차대사람 - 횡단중,보행자보호의무위반,포장 - 건조,맑음,단일로 - 기타,승용,남,60세,상해없음,보행자,여,34세,경상
2019092500100606,2019년 9월 25일 19시,수요일,대전광역시 유성구 지족동,중상사고,0,1,0,0,차대사람 - 기타,안전운전불이행,포장 - 건조,맑음,기타 - 기타,자전거,남,13세,상해없음,보행자,여,69세,중상
2019092500100683,2019년 9월 25일 22시,수요일,대전광역시 중구 유천동,경상사고,0,0,1,0,차대사람 - 기타,안전운전불이행,포장 - 건조,맑음,단일로 - 기타,승용,여,48세,상해없음,보행자,남,57세,경상
2019092600100081,2019년 9월 26일 06시,목요일,대전광역시 서구 둔산동,경상사고,0,0,1,0,차대사람 - 차도통행중,안전운전불이행,포장 - 건조,맑음,단일로 - 기타,승용,남,59세,상해없음,보행자,남,22세,경상
2019092600100279,2019년 9월 26일 12시,목요일,대전광역시 대덕구 신탄진동,경상사고,0,0,1,0,차대사람 - 횡단중,신호위반,포장 - 건조,맑음,교차로 - 교차로부근,승용,여,27세,상해없음,보행자,여,25세,경상
2019092600100420,2019년 9월 26일 16시,목요일,대전광역시 중구 유천동,경상사고,0,0,1,0,차대사람 - 차도통행중,안전운전불이행,포장 - 건조,맑음,단일로 - 기타,승용,여,55세,상해없음,보행자,남,71세,경상
2019092600100567,2019년 9월 26일 19시,목요일,대전광역시 서구 도마동,중상사고,0,1,1,0,차대사람 - 기타,안전운전불이행,포장 - 건조,맑음,단일로 - 기타,이륜,남,42세,중상,보행자,남,6세,경상
2019092600100625,2019년 9월 26일 21시,목요일,대전광역시 서구 탄방동,경상사고,0,0,1,0,차대사람 - 차도통행중,안전운전불이행,포장 - 건조,맑음,단일로 - 기타,기타불명,기타불명,미분류,기타불명,보행자,여,44세,경상
2019092700100370,2019년 9월 27일 13시,금요일,대전광역시 중구 안영동,경상사고,0,0,1,0,차대사람 - 차도통행중,안전운전불이행,포장 - 건조,맑음,단일로 - 기타,개인형이동수단(PM),남,60세,상해없음,보행자,여,58세,경상
2019092700100372,2019년 9월 27일 13시,금요일,대전광역시 대덕구 신탄진동,중상사고,0,1,0,0,차대사람 - 횡단중,보행자보호의무위반,포장 - 건조,맑음,교차로 - 교차로횡단보도내,건설기계,남,45세,상해없음,보행자,남,72세,중상
2019092700100484,2019년 9월 27일 16시,금요일,대전광역시 동구 원동,경상사고,0,0,1,0,차대사람 - 횡단중,보행자보호의무위반,포장 - 건조,맑음,교차로 - 교차로횡단보도내,승용,남,74세,상해없음,보행자,남,18세,경상
2019092700100587,2019년 9월 27일 18시,금요일,대전광역시 유성구 지족동,경상사고,0,0,1,0,차대사람 - 횡단중,안전운전불이행,포장 - 건조,맑음,교차로 - 교차로횡단보도내,승용,여,50세,상해없음,보행자,남,7세,경상
2019092700100742,2019년 9월 27일 22시,금요일,대전광역시 동구 용운동,경상사고,0,0,2,0,차대사람 - 횡단중,신호위반,포장 - 건조,맑음,교차로 - 교차로횡단보도내,승용,여,42세,상해없음,보행자,남,62세,경상
2019092700100768,2019년 9월 27일 23시,금요일,대전광역시 중구 유천동,경상사고,0,0,1,0,차대사람 - 기타,안전운전불이행,포장 - 건조,맑음,단일로 - 기타,승용,남,62세,상해없음,보행자,남,62세,경상
2019092800100556,2019년 9월 28일 17시,토요일,대전광역시 동구 삼성동,경상사고,0,0,1,0,차대사람 - 횡단중,신호위반,포장 - 건조,맑음,교차로 - 교차로안,승용,남,59세,상해없음,보행자,남,11세,경상
2019092900100099,2019년 9월 29일 06시,일요일,대전광역시 서구 둔산동,경상사고,0,0,1,0,차대사람 - 기타,안전운전불이행,포장 - 건조,맑음,단일로 - 기타,승용,남,27세,상해없음,보행자,남,25세,경상
2019092900100294,2019년 9월 29일 14시,일요일,대전광역시 대덕구 신탄진동,경상사고,0,0,1,0,차대사람 - 보도통행중,보행자보호의무위반,포장 - 건조,맑음,교차로 - 교차로부근,승용,남,56세,상해없음,보행자,남,6세,경상
2019092900100445,2019년 9월 29일 18시,일요일,대전광역시 서구 월평동,경상사고,0,0,1,0,차대사람 - 차도통행중,안전운전불이행,포장 - 건조,맑음,단일로 - 기타,승용,남,31세,상해없음,보행자,남,35세,경상
2019092900100578,2019년 9월 29일 22시,일요일,대전광역시 동구 홍도동,경상사고,0,0,1,0,차대사람 - 횡단중,중앙선침범,포장 - 건조,맑음,단일로 - 기타,승합,여,51세,기타불명,보행자,남,28세,경상
2019093000100123,2019년 9월 30일 07시,월요일,대전광역시 서구 탄방동,사망사고,1,0,0,0,차대사람 - 횡단중,보행자보호의무위반,포장 - 건조,맑음,교차로 - 교차로횡단보도내,승용,남,57세,상해없음,보행자,남,86세,사망
2019093000100231,2019년 9월 30일 10시,월요일,대전광역시 대덕구 덕암동,경상사고,0,0,1,0,차대사람 - 기타,안전운전불이행,포장 - 건조,맑음,단일로 - 기타,승용,남,65세,상해없음,보행자,남,56세,경상
2019093000100266,2019년 9월 30일 11시,월요일,대전광역시 서구 월평동,경상사고,0,0,1,0,차대사람 - 차도통행중,안전운전불이행,포장 - 건조,맑음,단일로 - 기타,승용,남,40세,상해없음,보행자,여,41세,경상
2019093000100587,2019년 9월 30일 18시,월요일,대전광역시 동구 원동,경상사고,0,0,1,0,차대사람 - 기타,안전운전불이행,포장 - 건조,맑음,단일로 - 기타,이륜,남,74세,상해없음,보행자,여,66세,경상
2019093000100691,2019년 9월 30일 21시,월요일,대전광역시 서구 괴정동,경상사고,0,0,1,0,차대사람 - 기타,안전운전불이행,포장 - 건조,맑음,단일로 - 기타,승용,남,34세,상해없음,보행자,남,33세,경상
2019100100100042,2019년 10월 1일 00시,화요일,대전광역시 서구 도안동,경상사고,0,0,1,0,차대사람 - 기타,안전운전불이행,포장 - 건조,맑음,교차로 - 교차로안,승용,남,60세,상해없음,보행자,남,48세,경상
2019100100100401,2019년 10월 1일 15시,화요일,대전광역시 대덕구 중리동,경상사고,0,0,1,0,차대사람 - 기타,기타,포장 - 건조,맑음,기타 - 기타,승용,남,51세,상해없음,보행자,여,42세,경상
2019100100100551,2019년 10월 1일 18시,화요일,대전광역시 서구 월평동,중상사고,0,1,0,0,차대사람 - 횡단중,보행자보호의무위반,포장 - 건조,맑음,교차로 - 교차로횡단보도내,승용,남,32세,상해없음,보행자,여,21세,중상
2019100100100552,2019년 10월 1일 18시,화요일,대전광역시 서구 만년동,경상사고,0,0,1,0,차대사람 - 횡단중,보행자보호의무위반,포장 - 건조,맑음,교차로 - 교차로횡단보도내,승용,여,51세,상해없음,보행자,남,8세,경상
2019100100100554,2019년 10월 1일 18시,화요일,대전광역시 유성구 문지동,부상신고사고,0,0,0,1,차대사람 - 기타,안전운전불이행,포장 - 건조,맑음,교차로 - 교차로부근,승용,남,60세,상해없음,보행자,남,22세,부상신고
2019100100100605,2019년 10월 1일 19시,화요일,대전광역시 동구 중동,중상사고,0,1,0,0,차대사람 - 횡단중,안전운전불이행,포장 - 건조,맑음,교차로 - 교차로안,화물,남,64세,상해없음,보행자,여,72세,중상
2019100100100645,2019년 10월 1일 20시,화요일,대전광역시 동구 인동,중상사고,0,1,0,0,차대사람 - 횡단중,안전운전불이행,포장 - 건조,맑음,단일로 - 기타,승용,남,64세,상해없음,보행자,여,67세,중상
2019100100100720,2019년 10월 1일 23시,화요일,대전광역시 유성구 봉명동,부상신고사고,0,0,0,1,차대사람 - 기타,안전운전불이행,포장 - 건조,맑음,기타 - 기타,승용,여,33세,상해없음,보행자,남,18세,부상신고
2019100200100101,2019년 10월 2일 06시,수요일,대전광역시 중구 부사동,중상사고,0,1,0,0,차대사람 - 횡단중,안전운전불이행,포장 - 젖음/습기,비,단일로 - 기타,승용,여,41세,상해없음,보행자,여,86세,중상
2019100200100169,2019년 10월 2일 08시,수요일,대전광역시 중구 대사동,중상사고,0,1,0,0,차대사람 - 횡단중,안전운전불이행,포장 - 젖음/습기,비,교차로 - 교차로부근,승합,여,44세,상해없음,보행자,여,25세,중상
2019100200100170,2019년 10월 2일 08시,수요일,대전광역시 유성구 지족동,중상사고,0,1,0,0,차대사람 - 기타,보행자보호의무위반,포장 - 젖음/습기,비,교차로 - 교차로부근,승용,남,34세,상해없음,보행자,여,66세,중상
2019100200100482,2019년 10월 2일 16시,수요일,대전광역시 대덕구 대화동,경상사고,0,0,1,0,차대사람 - 기타,안전운전불이행,포장 - 건조,맑음,기타 - 기타,승합,남,65세,상해없음,보행자,남,54세,경상
2019100200100705,2019년 10월 2일 19시,수요일,대전광역시 중구 대사동,경상사고,0,0,1,0,차대사람 - 횡단중,신호위반,포장 - 젖음/습기,비,단일로 - 기타,승용,여,61세,상해없음,보행자,여,58세,경상
2019100200100706,2019년 10월 2일 19시,수요일,대전광역시 중구 산성동,중상사고,0,1,0,0,차대사람 - 횡단중,안전운전불이행,포장 - 젖음/습기,비,단일로 - 기타,화물,남,40세,상해없음,보행자,남,50세,중상
2019100200100711,2019년 10월 2일 19시,수요일,대전광역시 서구 둔산동,중상사고,0,1,0,0,차대사람 - 횡단중,보행자보호의무위반,포장 - 젖음/습기,비,교차로 - 교차로횡단보도내,승용,남,62세,상해없음,보행자,남,56세,중상
2019100200100787,2019년 10월 2일 20시,수요일,대전광역시 동구 가양동,경상사고,0,0,1,0,차대사람 - 횡단중,신호위반,포장 - 젖음/습기,비,교차로 - 교차로부근,승용,남,23세,상해없음,보행자,남,22세,경상
2019100200100831,2019년 10월 2일 21시,수요일,대전광역시 중구 태평동,경상사고,0,0,1,0,차대사람 - 횡단중,안전운전불이행,포장 - 젖음/습기,비,단일로 - 기타,승용,여,52세,상해없음,보행자,여,15세,경상
2019100200100935,2019년 10월 2일 23시,수요일,대전광역시 동구 대성동,중상사고,0,1,0,0,차대사람 - 횡단중,안전운전불이행,포장 - 젖음/습기,비,교차로 - 교차로횡단보도내,승합,남,44세,상해없음,보행자,남,49세,중상
2019100200100936,2019년 10월 2일 23시,수요일,대전광역시 서구 둔산동,경상사고,0,0,2,0,차대사람 - 기타,안전운전불이행,포장 - 젖음/습기,비,교차로 - 교차로횡단보도내,승용,남,41세,상해없음,보행자,남,50세,경상
2019100400100225,2019년 10월 4일 10시,금요일,대전광역시 동구 삼성동,경상사고,0,0,1,0,차대사람 - 보도통행중,안전운전불이행,포장 - 건조,맑음,단일로 - 기타,자전거,남,50세,상해없음,보행자,남,50세,경상
2019100400100319,2019년 10월 4일 12시,금요일,대전광역시 유성구 장대동,중상사고,0,1,0,0,차대사람 - 기타,보행자보호의무위반,포장 - 건조,맑음,교차로 - 교차로횡단보도내,승용,여,79세,상해없음,보행자,남,70세,중상
2019100400100494,2019년 10월 4일 16시,금요일,대전광역시 대덕구 중리동,중상사고,0,1,0,0,차대사람 - 기타,중앙선침범,포장 - 건조,맑음,단일로 - 기타,승용,남,51세,상해없음,보행자,여,75세,중상
2019100400100532,2019년 10월 4일 17시,금요일,대전광역시 대덕구 오정동,중상사고,0,1,0,0,차대사람 - 기타,안전운전불이행,포장 - 건조,맑음,단일로 - 기타,승용,여,60세,상해없음,보행자,여,8세,중상
2019100400100600,2019년 10월 4일 18시,금요일,대전광역시 동구 자양동,경상사고,0,0,1,0,차대사람 - 기타,안전운전불이행,포장 - 건조,맑음,단일로 - 기타,승용,남,25세,상해없음,보행자,남,50세,경상
2019100700100057,2019년 10월 7일 04시,월요일,대전광역시 서구 만년동,중상사고,0,1,0,0,차대사람 - 횡단중,안전운전불이행,포장 - 젖음/습기,비,교차로 - 교차로안,화물,남,37세,상해없음,보행자,여,84세,중상
2019100700100188,2019년 10월 7일 08시,월요일,대전광역시 유성구 원내동,경상사고,0,0,1,0,차대사람 - 기타,안전운전불이행,포장 - 젖음/습기,비,단일로 - 기타,승용,남,69세,상해없음,보행자,여,44세,경상
2019100700100470,2019년 10월 7일 16시,월요일,대전광역시 중구 태평동,경상사고,0,0,1,0,차대사람 - 기타,안전운전불이행,포장 - 건조,맑음,교차로 - 교차로안,화물,남,38세,상해없음,보행자,여,63세,경상
2019100700100623,2019년 10월 7일 19시,월요일,대전광역시 서구 관저동,중상사고,0,1,0,0,차대사람 - 횡단중,신호위반,포장 - 건조,맑음,교차로 - 교차로횡단보도내,승합,남,53세,상해없음,보행자,여,26세,중상
2019100800100171,2019년 10월 8일 08시,화요일,대전광역시 중구 산성동,경상사고,0,0,1,0,차대사람 - 길가장자리구역통행중,안전운전불이행,포장 - 건조,맑음,단일로 - 기타,화물,여,65세,상해없음,보행자,여,12세,경상
2019100800100198,2019년 10월 8일 09시,화요일,대전광역시 동구 삼성동,경상사고,0,0,1,0,차대사람 - 차도통행중,안전운전불이행,포장 - 건조,맑음,교차로 - 교차로부근,승용,남,58세,상해없음,보행자,남,59세,경상
2019100800100604,2019년 10월 8일 18시,화요일,대전광역시 대덕구 덕암동,경상사고,0,0,1,0,차대사람 - 기타,교차로운행방법위반,포장 - 건조,맑음,교차로 - 교차로안,승용,남,56세,상해없음,보행자,여,56세,경상
2019100800100702,2019년 10월 8일 20시,화요일,대전광역시 동구 대별동,경상사고,0,0,1,0,차대사람 - 기타,안전운전불이행,포장 - 건조,맑음,주차장 - 주차장,화물,남,53세,상해없음,보행자,남,44세,경상
2019100800100790,2019년 10월 8일 23시,화요일,대전광역시 동구 가양동,경상사고,0,0,1,0,차대사람 - 기타,안전운전불이행,포장 - 건조,맑음,단일로 - 기타,승용,남,30세,상해없음,보행자,여,70세,경상
2019100900100042,2019년 10월 9일 00시,수요일,대전광역시 서구 관저동,경상사고,0,0,1,0,차대사람 - 횡단중,안전운전불이행,포장 - 건조,맑음,단일로 - 기타,승용,남,43세,상해없음,보행자,여,40세,경상
2019100900100066,2019년 10월 9일 01시,수요일,대전광역시 중구 대흥동,경상사고,0,0,1,0,차대사람 - 기타,안전운전불이행,포장 - 건조,맑음,교차로 - 교차로안,승용,남,62세,상해없음,보행자,남,20세,경상
2019100900100067,2019년 10월 9일 01시,수요일,대전광역시 서구 둔산동,경상사고,0,0,1,0,차대사람 - 기타,안전운전불이행,포장 - 건조,맑음,기타 - 기타,승용,남,51세,상해없음,보행자,남,26세,경상
2019100900100137,2019년 10월 9일 07시,수요일,대전광역시 동구 가오동,중상사고,0,1,0,0,차대사람 - 기타,안전운전불이행,포장 - 건조,맑음,단일로 - 기타,승용,남,43세,상해없음,보행자,여,62세,중상
2019100900100506,2019년 10월 9일 18시,수요일,대전광역시 중구 중촌동,중상사고,0,2,0,0,차대사람 - 횡단중,안전운전불이행,포장 - 건조,맑음,단일로 - 기타,승용,남,77세,상해없음,보행자,남,65세,중상
2019100900100507,2019년 10월 9일 18시,수요일,대전광역시 중구 유천동,중상사고,0,1,0,0,차대사람 - 횡단중,안전운전불이행,포장 - 건조,맑음,단일로 - 기타,승용,남,69세,상해없음,보행자,여,78세,중상
2019100900100509,2019년 10월 9일 18시,수요일,대전광역시 동구 용전동,중상사고,0,1,0,0,차대사람 - 횡단중,보행자보호의무위반,포장 - 건조,맑음,단일로 - 기타,승용,남,63세,상해없음,보행자,여,34세,중상
2019100900100591,2019년 10월 9일 20시,수요일,대전광역시 중구 태평동,경상사고,0,0,3,0,차대사람 - 기타,안전운전불이행,포장 - 건조,맑음,교차로 - 교차로부근,승용,여,56세,상해없음,보행자,여,51세,경상
2019101000100226,2019년 10월 10일 10시,목요일,대전광역시 서구 도마동,부상신고사고,0,0,0,1,차대사람 - 기타,안전운전불이행,포장 - 건조,맑음,단일로 - 기타,승용,남,35세,상해없음,보행자,여,89세,부상신고
2019101000100427,2019년 10월 10일 15시,목요일,대전광역시 유성구 지족동,부상신고사고,0,0,0,1,차대사람 - 기타,안전운전불이행,포장 - 건조,맑음,단일로 - 기타,승용,여,60세,상해없음,보행자,여,59세,부상신고
2019101000100512,2019년 10월 10일 17시,목요일,대전광역시 동구 가양동,경상사고,0,0,1,0,차대사람 - 길가장자리구역통행중,안전운전불이행,포장 - 건조,맑음,단일로 - 기타,승용,여,19세,상해없음,보행자,여,22세,경상
2019101000100566,2019년 10월 10일 18시,목요일,대전광역시 중구 태평동,중상사고,0,1,0,0,차대사람 - 횡단중,안전운전불이행,포장 - 건조,맑음,교차로 - 교차로안,화물,남,35세,상해없음,보행자,여,27세,중상
2019101000100621,2019년 10월 10일 19시,목요일,대전광역시 서구 월평동,중상사고,0,1,0,0,차대사람 - 횡단중,보행자보호의무위반,포장 - 건조,맑음,단일로 - 기타,승합,남,62세,상해없음,보행자,여,17세,중상
2019101000100719,2019년 10월 10일 22시,목요일,대전광역시 대덕구 송촌동,경상사고,0,0,1,0,차대사람 - 횡단중,보행자보호의무위반,포장 - 건조,맑음,교차로 - 교차로횡단보도내,이륜,남,20세,상해없음,보행자,여,20세,경상
2019101100100173,2019년 10월 11일 08시,금요일,대전광역시 중구 문창동,중상사고,0,1,0,0,차대사람 - 기타,안전운전불이행,포장 - 건조,맑음,교차로 - 교차로부근,화물,남,54세,상해없음,보행자,남,72세,중상
2019101100100216,2019년 10월 11일 09시,금요일,대전광역시 동구 용전동,경상사고,0,0,1,0,차대사람 - 차도통행중,안전운전불이행,포장 - 건조,맑음,교차로 - 교차로부근,화물,남,21세,상해없음,보행자,여,56세,경상
2019101100100428,2019년 10월 11일 15시,금요일,대전광역시 중구 문화동,경상사고,0,0,1,0,차대사람 - 횡단중,중앙선침범,포장 - 건조,맑음,단일로 - 기타,자전거,남,14세,상해없음,보행자,여,44세,경상
2019101100100486,2019년 10월 11일 16시,금요일,대전광역시 중구 은행동,경상사고,0,0,1,0,차대사람 - 기타,안전운전불이행,포장 - 건조,맑음,단일로 - 기타,자전거,남,56세,상해없음,보행자,여,32세,경상
2019101100100487,2019년 10월 11일 16시,금요일,대전광역시 동구 삼성동,중상사고,0,1,0,0,차대사람 - 차도통행중,중앙선침범,포장 - 건조,맑음,단일로 - 기타,승용,남,83세,상해없음,보행자,여,75세,중상
2019101100100543,2019년 10월 11일 17시,금요일,대전광역시 동구 천동,경상사고,0,0,1,0,차대사람 - 횡단중,보행자보호의무위반,포장 - 건조,맑음,단일로 - 기타,승용,남,54세,상해없음,보행자,여,14세,경상
2019101100100669,2019년 10월 11일 19시,금요일,대전광역시 중구 선화동,경상사고,0,0,1,0,차대사람 - 기타,안전운전불이행,포장 - 건조,맑음,단일로 - 기타,승용,남,25세,상해없음,보행자,남,34세,경상
2019101100100670,2019년 10월 11일 19시,금요일,대전광역시 대덕구 오정동,중상사고,0,1,0,0,차대사람 - 횡단중,보행자보호의무위반,포장 - 건조,맑음,교차로 - 교차로횡단보도내,승용,남,43세,상해없음,보행자,여,62세,중상
2019101100100739,2019년 10월 11일 21시,금요일,대전광역시 유성구 송강동,경상사고,0,0,1,0,차대사람 - 기타,신호위반,포장 - 건조,맑음,교차로 - 교차로횡단보도내,승용,여,36세,상해없음,보행자,여,25세,경상
2019101200100072,2019년 10월 12일 02시,토요일,대전광역시 서구 괴정동,경상사고,0,0,1,0,차대사람 - 횡단중,안전운전불이행,포장 - 건조,맑음,단일로 - 기타,승용,남,61세,상해없음,보행자,여,23세,경상
2019101200100282,2019년 10월 12일 11시,토요일,대전광역시 중구 문창동,중상사고,0,1,0,0,차대사람 - 기타,안전운전불이행,포장 - 건조,맑음,교차로 - 교차로안,화물,남,58세,상해없음,보행자,남,44세,중상
2019101200100380,2019년 10월 12일 13시,토요일,대전광역시 서구 탄방동,중상사고,0,1,0,0,차대사람 - 횡단중,보행자보호의무위반,포장 - 건조,맑음,교차로 - 교차로부근,승용,남,55세,상해없음,보행자,여,55세,중상
2019101200100381,2019년 10월 12일 13시,토요일,대전광역시 서구 둔산동,경상사고,0,0,1,0,차대사람 - 횡단중,보행자보호의무위반,포장 - 건조,맑음,교차로 - 교차로횡단보도내,승용,남,25세,상해없음,보행자,여,25세,경상
2019101200100486,2019년 10월 12일 15시,토요일,대전광역시 유성구 관평동,중상사고,0,1,0,0,차대사람 - 기타,안전운전불이행,포장 - 건조,맑음,교차로 - 교차로부근,승용,여,42세,상해없음,보행자,남,90세 이상,중상
2019101300100107,2019년 10월 13일 07시,일요일,대전광역시 중구 산성동,경상사고,0,0,1,0,차대사람 - 기타,안전운전불이행,포장 - 건조,맑음,교차로 - 교차로부근,이륜,여,56세,상해없음,보행자,여,60세,경상
2019101300100378,2019년 10월 13일 17시,일요일,대전광역시 동구 판암동,경상사고,0,0,1,0,차대사람 - 횡단중,안전운전불이행,포장 - 건조,맑음,단일로 - 기타,승용,남,72세,상해없음,보행자,남,59세,경상
2019101400100062,2019년 10월 14일 05시,월요일,대전광역시 서구 둔산동,중상사고,0,1,0,0,차대사람 - 횡단중,신호위반,포장 - 건조,맑음,교차로 - 교차로횡단보도내,이륜,남,53세,상해없음,보행자,여,48세,중상
2019101400100481,2019년 10월 14일 16시,월요일,대전광역시 대덕구 덕암동,중상사고,0,1,0,0,차대사람 - 횡단중,안전운전불이행,포장 - 건조,맑음,교차로 - 교차로안,이륜,남,19세,기타불명,보행자,남,16세,중상
2019101400100534,2019년 10월 14일 17시,월요일,대전광역시 동구 대동,경상사고,0,0,1,0,차대사람 - 횡단중,신호위반,포장 - 건조,맑음,교차로 - 교차로횡단보도내,승용,남,68세,상해없음,보행자,남,52세,경상
2019101400100609,2019년 10월 14일 18시,월요일,대전광역시 중구 산성동,경상사고,0,0,1,0,차대사람 - 횡단중,안전운전불이행,포장 - 건조,맑음,기타 - 기타,승용,남,54세,상해없음,보행자,여,9세,경상
2019101400100610,2019년 10월 14일 18시,월요일,대전광역시 서구 정림동,경상사고,0,0,1,0,차대사람 - 횡단중,안전운전불이행,포장 - 건조,맑음,교차로 - 교차로안,승용,여,62세,상해없음,보행자,남,10세,경상
2019101400100727,2019년 10월 14일 21시,월요일,대전광역시 서구 갈마동,경상사고,0,0,1,0,차대사람 - 기타,안전운전불이행,포장 - 건조,맑음,기타 - 기타,승용,남,71세,상해없음,보행자,여,20세,경상
2019101500100203,2019년 10월 15일 09시,화요일,대전광역시 중구 선화동,중상사고,0,1,0,0,차대사람 - 기타,안전운전불이행,포장 - 건조,맑음,단일로 - 기타,승용,남,61세,기타불명,보행자,남,35세,중상
2019101500100405,2019년 10월 15일 14시,화요일,대전광역시 유성구 지족동,경상사고,0,0,1,0,차대사람 - 횡단중,안전운전불이행,포장 - 건조,맑음,단일로 - 기타,승합,남,49세,상해없음,보행자,남,62세,경상
2019101500100613,2019년 10월 15일 18시,화요일,대전광역시 서구 둔산동,중상사고,0,1,1,0,차대사람 - 횡단중,보행자보호의무위반,포장 - 건조,맑음,교차로 - 교차로횡단보도내,화물,남,28세,상해없음,보행자,남,46세,경상
2019101500100694,2019년 10월 15일 20시,화요일,대전광역시 중구 용두동,중상사고,0,2,0,0,차대사람 - 횡단중,신호위반,포장 - 건조,맑음,교차로 - 교차로횡단보도내,자전거,남,23세,상해없음,보행자,여,77세,중상